,link
0,http://book.naver.com/bookdb/book_detail.php?bid=17690014
1,http://book.naver.com/bookdb/book_detail.php?bid=15434916
2,http://book.naver.com/bookdb/book_detail.php?bid=13380212
3,http://book.naver.com/bookdb/book_detail.php?bid=14841468
4,http://book.naver.com/bookdb/book_detail.php?bid=14486943
5,http://book.naver.com/bookdb/book_detail.php?bid=13571670
6,http://book.naver.com/bookdb/book_detail.php?bid=13987269
7,http://book.naver.com/bookdb/book_detail.php?bid=17724695
8,http://book.naver.com/bookdb/book_detail.php?bid=1542042
9,http://book.naver.com/bookdb/book_detail.php?bid=12506773
10,http://book.naver.com/bookdb/book_detail.php?bid=13272631
11,http://book.naver.com/bookdb/book_detail.php?bid=16330680
12,http://book.naver.com/bookdb/book_detail.php?bid=15912079
13,http://book.naver.com/bookdb/book_detail.php?bid=15405177
14,http://book.naver.com/bookdb/book_detail.php?bid=7041
15,http://book.naver.com/bookdb/book_detail.php?bid=6333640
16,http://book.naver.com/bookdb/book_detail.php?bid=13270365
17,http://book.naver.com/bookdb/book_detail.php?bid=11618060
18,http://book.naver.com/bookdb/book_detail.php?bid=8657273
19,http://book.naver.com/bookdb/book_detail.php?bid=9078992
20,http://book.naver.com/bookdb/book_detail.php?bid=7884924
21,http://book.naver.com/bookdb/book_detail.php?bid=7118748
22,http://book.naver.com/bookdb/book_detail.php?bid=12518638
23,http://book.naver.com/bookdb/book_detail.php?bid=8325954
24,http://book.naver.com/bookdb/book_detail.php?bid=12743088
25,http://book.naver.com/bookdb/book_detail.php?bid=12743085
26,http://book.naver.com/bookdb/book_detail.php?bid=12518640
27,http://book.naver.com/bookdb/book_detail.php?bid=1555966
28,http://book.naver.com/bookdb/book_detail.php?bid=11665483
29,http://book.naver.com/bookdb/book_detail.php?bid=8319855
30,http://book.naver.com/bookdb/book_detail.php?bid=7428275
31,http://book.naver.com/bookdb/book_detail.php?bid=12481857
32,http://book.naver.com/bookdb/book_detail.php?bid=2920418
33,http://book.naver.com/bookdb/book_detail.php?bid=3309417
34,http://book.naver.com/bookdb/book_detail.php?bid=14301350
35,http://book.naver.com/bookdb/book_detail.php?bid=17692544
36,http://book.naver.com/bookdb/book_detail.php?bid=10765341
37,http://book.naver.com/bookdb/book_detail.php?bid=2954076
38,http://book.naver.com/bookdb/book_detail.php?bid=1490661
39,http://book.naver.com/bookdb/book_detail.php?bid=3311332
40,http://book.naver.com/bookdb/book_detail.php?bid=4454721
41,http://book.naver.com/bookdb/book_detail.php?bid=16236897
42,http://book.naver.com/bookdb/book_detail.php?bid=16342095
43,http://book.naver.com/bookdb/book_detail.php?bid=1967233
44,http://book.naver.com/bookdb/book_detail.php?bid=17523833
45,http://book.naver.com/bookdb/book_detail.php?bid=3105577
46,http://book.naver.com/bookdb/book_detail.php?bid=16273190
47,http://book.naver.com/bookdb/book_detail.php?bid=14477501
48,http://book.naver.com/bookdb/book_detail.php?bid=16237148
49,http://book.naver.com/bookdb/book_detail.php?bid=3118114
50,http://book.naver.com/bookdb/book_detail.php?bid=17591367
51,http://book.naver.com/bookdb/book_detail.php?bid=2957972
52,http://book.naver.com/bookdb/book_detail.php?bid=16379611
53,http://book.naver.com/bookdb/book_detail.php?bid=1886461
54,http://book.naver.com/bookdb/book_detail.php?bid=11445279
55,http://book.naver.com/bookdb/book_detail.php?bid=1490613
56,http://book.naver.com/bookdb/book_detail.php?bid=2954327
57,http://book.naver.com/bookdb/book_detail.php?bid=1995443
58,http://book.naver.com/bookdb/book_detail.php?bid=2497008
59,http://book.naver.com/bookdb/book_detail.php?bid=111223
60,http://book.naver.com/bookdb/book_detail.php?bid=17718052
61,http://book.naver.com/bookdb/book_detail.php?bid=4600455
62,http://book.naver.com/bookdb/book_detail.php?bid=16367858
63,http://book.naver.com/bookdb/book_detail.php?bid=14068432
64,http://book.naver.com/bookdb/book_detail.php?bid=6086943
65,http://book.naver.com/bookdb/book_detail.php?bid=12845844
66,http://book.naver.com/bookdb/book_detail.php?bid=5232003
67,http://book.naver.com/bookdb/book_detail.php?bid=2510003
68,http://book.naver.com/bookdb/book_detail.php?bid=3118083
69,http://book.naver.com/bookdb/book_detail.php?bid=133389
70,http://book.naver.com/bookdb/book_detail.php?bid=2514338
71,http://book.naver.com/bookdb/book_detail.php?bid=2954833
72,http://book.naver.com/bookdb/book_detail.php?bid=1997285
73,http://book.naver.com/bookdb/book_detail.php?bid=4387954
74,http://book.naver.com/bookdb/book_detail.php?bid=1482909
75,http://book.naver.com/bookdb/book_detail.php?bid=1937933
76,http://book.naver.com/bookdb/book_detail.php?bid=2520589
77,http://book.naver.com/bookdb/book_detail.php?bid=1482910
78,http://book.naver.com/bookdb/book_detail.php?bid=2119258
79,http://book.naver.com/bookdb/book_detail.php?bid=2512578
80,http://book.naver.com/bookdb/book_detail.php?bid=2971601
81,http://book.naver.com/bookdb/book_detail.php?bid=1514780
82,http://book.naver.com/bookdb/book_detail.php?bid=6750854
83,http://book.naver.com/bookdb/book_detail.php?bid=16108735
84,http://book.naver.com/bookdb/book_detail.php?bid=2921022
85,http://book.naver.com/bookdb/book_detail.php?bid=2921021
86,http://book.naver.com/bookdb/book_detail.php?bid=6750853
87,http://book.naver.com/bookdb/book_detail.php?bid=14824617
88,http://book.naver.com/bookdb/book_detail.php?bid=4387956
89,http://book.naver.com/bookdb/book_detail.php?bid=16390002
90,http://book.naver.com/bookdb/book_detail.php?bid=2094585
91,http://book.naver.com/bookdb/book_detail.php?bid=2620307
92,http://book.naver.com/bookdb/book_detail.php?bid=2910816
93,http://book.naver.com/bookdb/book_detail.php?bid=2514332
94,http://book.naver.com/bookdb/book_detail.php?bid=16368069
95,http://book.naver.com/bookdb/book_detail.php?bid=15909250
96,http://book.naver.com/bookdb/book_detail.php?bid=16686183
97,http://book.naver.com/bookdb/book_detail.php?bid=4399501
98,http://book.naver.com/bookdb/book_detail.php?bid=4351185
